ArtisanGifts,artstore,1
AskReddit,Anthropology,1
AskReddit,AskOuija,1
AskReddit,Art,1
AskReddit,anime,1
AskReddit,Advice,1
AskReddit,AskDocs,1
AskReddit,AntiAntiJokes,1
AskReddit,AskMen,1
AskReddit,aliens,1
AskReddit,3dshacks,2
AskReddit,AdviceAnimals,3
AskReddit,adderall,1
AskReddit,AfterEffects,1
AskReddit,askpsychology,1
AskReddit,AskAChristian,1
AskReddit,AskAnAmerican,1
AskReddit,Anxiety,3
AskReddit,airsoft,1
AskReddit,AnimalSounds,1
AskReddit,antinatalism,1
AskReddit,ArcherFX,1
AskReddit,askdrugs,1
AskReddit,androidapps,1
AskReddit,askscience,4
AskReddit,alternativeart,1
AskReddit,AskNYC,1
AskReddit,AMA,1
AskReddit,altright,1
AskOuija,asiandickgirls,1
300YearsAgo,70smusic,3
300YearsAgo,100yearsago,1
altnewz,AnythingGoesNews,1
ANSAauto,ABCauto,1
ANSAauto,ALJAZEERAauto,1
70smusic,90smusic,3
amateurcumsluts,asianhomegrown,1
askphilosophy,AcousticOriginals,1
anal,amateurs,1
anal,AsianHotties,1
anal,AgedBeauty,1
androidthemes,androidapps,1
AriellaFerrera,AntoniaDeona,1
AdviceAnimals,AntiTrumpAlliance,1
altright,321,2
AoNoExorcist,anime,1
asia,Anarcho_Capitalism,1
asia,AnythingGoesNews,1
Anxiety,AskDocs,1
Anxiety,AskUK,1
AppsOniOS,AmazonEssentials,1
animalabusers,AnythingGoesNews,1
80sAlternative,90smusic,1
Animewallpaper,Animemes,1
amiiboSwap,AdoptMyVillager,1
amateur_GIF,amateur_asians,1
AdoptMyVillager,AnimalCrossing,1
AdoptMyVillager,ACTrade,2
animeplot,animegifs,1
AdrianGaming,AlexOgloza,1
anticapitalism,abortion,1
anticapitalism,AnythingGoesUltimate,1
Anarcho_Capitalism,anarchy,1
60fpsporn,AlphaBetaGammaTheta,1
AppNana,AppnanaInviteCodes,1
AbandonedPorn,askscience,1
AbandonedPorn,AmateurPhotography,1
AbandonedPorn,abandoned,1
AnythingGoesNews,1984isreality,1
AnythingGoesNews,321,1
AnythingGoesNews,alternativeeconomics,1
AnimeBooty,Animemes,1
actuallesbians,ainbow,1
Animedubs,anime,1
AntiTrumpAlliance,apple,1
AndroidQuestions,AskProgramming,1
AndroidQuestions,arduino,1
AmateurPhotography,abandoned,1
Advice,AskParents,1
Advice,AMA,1
ArchitectureFans,ArtefactFans,1
AnaCheri,AngieVaronaLegal,1
alternativeart,AskRedditNSFW,1
alternativeart,Android,1
apple,architecture,1
apple,Android,1
amateur_asians,AsiansGoneWild,1
AllAboutButts,anniespantiesxx,1
AFCON,arabs,1
AgedBeauty,Amateur,1
AlbumartFans,AnimalFans,1
AlbumartFans,AbandonedFans,1
AnissaKate,AlphaBetaGammaTheta,1
amateurthreesome,amateurcuckold_pz,1
AntiJokes,AnimemeEconomy,1
AdrenalinePorn,Africa,1
3DS,3dshacks,2
abortion,anystories,1
AskHistorians,ask_transgender,1
1984isreality,asian,1
AlbumBabes,Amateur,1
AQ3D,Amd,1
amateur_milfs,18_19,2
amateur_milfs,AsianNSFW,1
airsoftmarket,airsoft,1
AnimalsBeingJerks,AMA,1
applehelp,archlinux,1
AngieVaronaLegal,AngieVarona,1
algorithms,animation,1
asian_gifs,AsianNSFW,1
AmericanPolitics,alltheleft,1
AnimalCrossing,ACTrade,1
Art,Animals,1
Anal_toys,AsianAmericanPorn,1
animenocontext,animegifs,1
ARK,arkps4,1
80smusic,90smusic,5
200YearsAgo,100yearsago,1
70sAlternative,50sMusic,1
AnalPorn,AnalFucking,1
AnimePhoneWallpapers,AskScienceFiction,1
AnythingGoesUltimate,anystories,1
androidapps,Android,1
ADHD,afinil,1
AsiansGoneWild,asiansgonemild,2
AsiansGoneWild,AsianHotties,1
AsianHotties,asiansgonemild,1
Amateur_pov,18_19,1
askmath,askscience,1
animation,3dsmax,1
AsianNSFW,18_19,1
AsianNSFW,AsianBush,1
AsianNSFW,Amateur,1
AnimalFans,ArtefactFans,1
ask_transgender,asktransgender,1
AndroidAuto,Android,1
ABCauto,APauto,2
