leagueoflegends,EatCheapAndHealthy,1534.0
kratom,EatCheapAndHealthy,1421.0
politics,EatCheapAndHealthy,1302.0
NoCorporations,EatCheapAndHealthy,1230.0
ukpolitics,EatCheapAndHealthy,1863.0
hillaryclinton,EatCheapAndHealthy,1221.0
electronic_cigarette,EatCheapAndHealthy,1613.0
AskReddit,EatCheapAndHealthy,1251.0
cars,EatCheapAndHealthy,2533.0
pathofexile,EatCheapAndHealthy,1398.0
nba,EatCheapAndHealthy,1807.0
PurplePillDebate,EatCheapAndHealthy,1318.0
EatCheapAndHealthy,canada,1467.0
EatCheapAndHealthy,whowouldwin,1250.0
EatCheapAndHealthy,nfl,1816.0
EatCheapAndHealthy,AskWomen,1616.0
EatCheapAndHealthy,Nationals,1285.0
EatCheapAndHealthy,fantasyfootball,1245.0
EatCheapAndHealthy,CFB,2179.0
